{"errors":[],"warnings":[],"namedChunkGroups":{"app":{"chunks":[6,2],"assets":["webpack-runtime-af793ddae5182ddaeb93.js","webpack-runtime-af793ddae5182ddaeb93.js.map","app-4a5376b6713866e98029.js","app-4a5376b6713866e98029.js.map"],"children":{},"childAssets":{}},"component---node-modules-gatsby-plugin-offline-app-shell-js":{"chunks":[3],"assets":["component---node-modules-gatsby-plugin-offline-app-shell-js-a801e75b7e3febb3319e.js","component---node-modules-gatsby-plugin-offline-app-shell-js-a801e75b7e3febb3319e.js.map"],"children":{},"childAssets":{}},"component---src-pages-404-js":{"chunks":[0,1,4],"assets":["0.ec5248f310d98af889c9.css","0-d99654d41fd532bfe6d5.js","0-d99654d41fd532bfe6d5.js.map","1.7d2ff0e4f12ec4fa02e4.css","1-f8586b531526ce96f9cc.js","1-f8586b531526ce96f9cc.js.map","component---src-pages-404-js-1a7dbf1409d91b158454.js","component---src-pages-404-js-1a7dbf1409d91b158454.js.map"],"children":{},"childAssets":{}},"component---src-pages-index-js":{"chunks":[0,7,1,5],"assets":["0.ec5248f310d98af889c9.css","0-d99654d41fd532bfe6d5.js","0-d99654d41fd532bfe6d5.js.map","7-d65b5540e860d11547ef.js","7-d65b5540e860d11547ef.js.map","1.7d2ff0e4f12ec4fa02e4.css","1-f8586b531526ce96f9cc.js","1-f8586b531526ce96f9cc.js.map","component---src-pages-index-js-55225d26ac11feab6ed4.js","component---src-pages-index-js-55225d26ac11feab6ed4.js.map"],"children":{},"childAssets":{}}},"assetsByChunkName":{"app":["webpack-runtime-af793ddae5182ddaeb93.js","app-4a5376b6713866e98029.js"],"component---node-modules-gatsby-plugin-offline-app-shell-js":["component---node-modules-gatsby-plugin-offline-app-shell-js-a801e75b7e3febb3319e.js"],"component---src-pages-404-js":["0.ec5248f310d98af889c9.css","0-d99654d41fd532bfe6d5.js","1.7d2ff0e4f12ec4fa02e4.css","1-f8586b531526ce96f9cc.js","component---src-pages-404-js-1a7dbf1409d91b158454.js"],"component---src-pages-index-js":["0.ec5248f310d98af889c9.css","0-d99654d41fd532bfe6d5.js","7-d65b5540e860d11547ef.js","1.7d2ff0e4f12ec4fa02e4.css","1-f8586b531526ce96f9cc.js","component---src-pages-index-js-55225d26ac11feab6ed4.js"]}}